Feature,Coefficient,P>|t|,Culture,Character_Pair
bio,0.14440533479404055,4.967148110131866e-67,UK,Daughter and Father
const,0.1250000000000002,0.0,UK,Daughter and Father
nonflu,0.07688129792025657,4.4849264988320756e-37,UK,Daughter and Father
assent,0.0655923151813354,9.68368121454178e-31,UK,Daughter and Father
affect,0.05853766190648743,0.027108313819468013,UK,Daughter and Father
netspeak,0.04382932575083806,7.66751156519081e-68,UK,Daughter and Father
work,0.006213008967986153,0.01442021247328991,UK,Daughter and Father
swear,0.0059250368948272,0.024989961689740027,UK,Daughter and Father
anger,0.005473049488233368,0.03433883799766256,UK,Daughter and Father
death,-0.004749372342731786,0.025409889793963365,UK,Daughter and Father
relig,-0.007324731513327722,0.002261263045590039,UK,Daughter and Father
anx,-0.00769736787497082,0.010991725382987313,UK,Daughter and Father
risk,-0.010320057278796771,0.0025996673357691897,UK,Daughter and Father
auxverb,-0.010787787520875173,0.034905174417607675,UK,Daughter and Father
reward,-0.013225040979296401,0.03223782928455652,UK,Daughter and Father
adverb,-0.0174224141487782,7.541938063778108e-08,UK,Daughter and Father
conj,-0.020131967028496445,1.0897408258862199e-09,UK,Daughter and Father
sexual,-0.021549122784675596,4.479800582303448e-15,UK,Daughter and Father
ingest,-0.03407795814561821,2.023182302971469e-32,UK,Daughter and Father
affiliation,-0.04053313655599789,0.011444731118408154,UK,Daughter and Father
body,-0.051851006637753494,1.5187687131627506e-41,UK,Daughter and Father
health,-0.05439393882919211,5.745049869249028e-46,UK,Daughter and Father
male,-0.1001017882344443,8.437754090391582e-29,UK,Daughter and Father
informal,-0.10578040605169439,5.9125172152143226e-33,UK,Daughter and Father
female,-0.12587966350991053,2.015004172459811e-37,UK,Daughter and Father
const,0.12499999999999997,0.0,UK,Daughter and Mother
female,0.11150168577690518,3.343349267717606e-26,UK,Daughter and Mother
verb,0.05827868150440489,7.337860920549906e-10,UK,Daughter and Mother
percept,0.05346387431437253,0.0022514574609546743,UK,Daughter and Mother
affiliation,0.03409061733105398,0.04686126311709718,UK,Daughter and Mother
cogproc,0.026222238105199167,0.04129842502397254,UK,Daughter and Mother
informal,0.025405597684174858,0.007170891641783892,UK,Daughter and Mother
power,0.01662725986106614,0.0002821057243204745,UK,Daughter and Mother
conj,0.014261761147483707,5.4271929557997635e-05,UK,Daughter and Mother
reward,0.013443763158253375,0.0419304419607153,UK,Daughter and Mother
achiev,0.01169558115045579,0.0006803108753172272,UK,Daughter and Mother
anx,0.00919943515175894,0.00451207840886259,UK,Daughter and Mother
number,-0.004806022428223282,0.042113627905522186,UK,Daughter and Mother
netspeak,-0.006391044449327156,0.017248769302170452,UK,Daughter and Mother
discrep,-0.010586006272127406,0.002918311814713729,UK,Daughter and Mother
tentat,-0.012947571768508154,0.0012015388589135677,UK,Daughter and Mother
friend,-0.027948973312995475,0.00012825171368122552,UK,Daughter and Mother
male,-0.028590125524422954,0.0029134478483011524,UK,Daughter and Mother
insight,-0.028963048500882403,0.00015083607384091933,UK,Daughter and Mother
negate,-0.031168749017760768,2.6773460305967717e-10,UK,Daughter and Mother
focuspresent,-0.041623119214788604,4.665597375303202e-10,UK,Daughter and Mother
see,-0.04583868448189388,5.120912867999882e-06,UK,Daughter and Mother
assent,-0.05327612526744474,2.0305237673573643e-18,UK,Daughter and Mother
hear,-0.05363042315708865,0.00013549663837158376,UK,Daughter and Mother
family,-0.0567380233876656,2.4336745644747073e-15,UK,Daughter and Mother
drives,-0.06048201408208112,8.374024361995146e-05,UK,Daughter and Mother
family,0.13546883366005297,2.854773830828266e-81,UK,Father and Daughter
const,0.12499999999999985,0.0,UK,Father and Daughter
bio,0.06275477982172491,8.691675687433974e-13,UK,Father and Daughter
cogproc,0.047092084047996204,0.00020185022849390172,UK,Father and Daughter
nonflu,0.025668862898878462,5.4766922711961786e-05,UK,Father and Daughter
function,0.025397950639499636,0.030135538355513185,UK,Father and Daughter
focuspresent,0.024346259397745068,0.00021757038252982465,UK,Father and Daughter
assent,0.018761928329629855,0.0017443735636106328,UK,Father and Daughter
sexual,-0.006154390594517237,0.03364612440785634,UK,Father and Daughter
swear,-0.007346522625842769,0.008427970166875062,UK,Father and Daughter
leisure,-0.007554249949045308,0.0035143760342771398,UK,Father and Daughter
discrep,-0.007857083756842607,0.025036035050822105,UK,Father and Daughter
certain,-0.008670912528639914,0.0368485014579629,UK,Father and Daughter
interrog,-0.008731607762157392,0.00212511674555225,UK,Father and Daughter
ingest,-0.00995887402643804,0.0010020998632604228,UK,Father and Daughter
quant,-0.010892382466243477,0.00020089747946383288,UK,Father and Daughter
focuspast,-0.011012073678889376,0.0013424225523126112,UK,Father and Daughter
tentat,-0.015777789139028518,6.25930786282123e-05,UK,Father and Daughter
netspeak,-0.0171858417410701,8.453417878805099e-11,UK,Father and Daughter
health,-0.021120222651375024,1.511753573336645e-07,UK,Father and Daughter
prep,-0.02177620377096739,1.1688288322326121e-05,UK,Father and Daughter
body,-0.022078462604722644,4.7266364042051564e-08,UK,Father and Daughter
differ,-0.02251779846936773,0.002440610772973887,UK,Father and Daughter
article,-0.025536199522326053,9.28019253795873e-08,UK,Father and Daughter
friend,-0.02720677401353478,0.00015577767938921677,UK,Father and Daughter
insight,-0.036112210453094325,1.6476522355379154e-06,UK,Father and Daughter
male,-0.16593144946638483,3.3054861113504086e-68,UK,Father and Daughter
female,-0.2747075756614625,7.012617008110039e-152,UK,Father and Daughter
const,0.12499999999999989,0.0,UK,Father and Son
family,0.0914962086026672,8.432293550867534e-49,UK,Father and Son
male,0.08444935510240496,4.5147313214954835e-24,UK,Father and Son
posemo,0.0760574909770212,0.002184312478575612,UK,Father and Son
assent,0.03367549803244102,1.75698950969849e-10,UK,Father and Son
focuspresent,0.025091272278328896,1.4961370545581235e-05,UK,Father and Son
see,0.023422841194448183,0.007238627759727993,UK,Father and Son
body,0.022970846468444262,1.086525995548196e-10,UK,Father and Son
negemo,0.02204679519415695,0.01890850503471174,UK,Father and Son
health,0.02023066048471774,1.1021645839677019e-08,UK,Father and Son
negate,0.016434482397307586,0.00012327532836654164,UK,Father and Son
insight,0.01587220016675477,0.01668001056629783,UK,Father and Son
differ,0.015534962762566558,0.01752423345631119,UK,Father and Son
tentat,0.014464245121593767,3.059625738406849e-05,UK,Father and Son
certain,0.013898444239101358,0.00014421922960461016,UK,Father and Son
sexual,0.01303596385746672,3.2130410514528803e-07,UK,Father and Son
sad,0.00922243956471282,0.012772995647954234,UK,Father and Son
ingest,0.00910826045342222,0.0006297644054792689,UK,Father and Son
interrog,0.0070849585180911955,0.004623318388735767,UK,Father and Son
filler,0.0070362046769938055,0.0003348957442074694,UK,Father and Son
quant,0.006616836655910127,0.010281964726350129,UK,Father and Son
adverb,0.006462801253338609,0.031632666606092846,UK,Father and Son
focusfuture,0.006361649653294918,0.01684994691425047,UK,Father and Son
discrep,0.006175463474746579,0.045391204188675004,UK,Father and Son
number,-0.004656145041242129,0.023259813733753618,UK,Father and Son
home,-0.007036810586540615,0.0029172253805264062,UK,Father and Son
achiev,-0.008700246797093142,0.00358342575364285,UK,Father and Son
anger,-0.00976467194739544,4.8023252023364964e-05,UK,Father and Son
netspeak,-0.01576164106304111,1.3384370272923609e-11,UK,Father and Son
informal,-0.01609627557370578,0.049607590704257506,UK,Father and Son
verb,-0.021064606743935226,0.010274004568357394,UK,Father and Son
nonflu,-0.02109347307419901,0.00016551376131556636,UK,Father and Son
cogproc,-0.04554533220271662,4.431679646766773e-05,UK,Father and Son
bio,-0.06696364733473772,4.519641586441025e-18,UK,Father and Son
affect,-0.08132855125045342,0.000945571683094353,UK,Father and Son
female,-0.0995312789677206,1.2536541447871167e-27,UK,Father and Son
const,0.12499999999999993,0.0,UK,Mother and Daughter
female,0.07612293789837969,8.820187494744067e-13,UK,Mother and Daughter
affiliation,0.049305370708899496,0.004517233392997066,UK,Mother and Daughter
hear,0.0384774326110279,0.006829176034242578,UK,Mother and Daughter
feel,0.02504482973925455,0.0002993743146243793,UK,Mother and Daughter
see,0.02349564739638442,0.020922942631469165,UK,Mother and Daughter
insight,0.02105049534962735,0.00650390641708452,UK,Mother and Daughter
body,0.02103438442437526,4.032055321847329e-07,UK,Mother and Daughter
focuspresent,0.02074364341865973,0.0021519044538835814,UK,Mother and Daughter
health,0.02002054649627136,1.2472626024616355e-06,UK,Mother and Daughter
adverb,0.017497001819186946,6.167101545128869e-07,UK,Mother and Daughter
reward,0.015730891259962392,0.018704239162550932,UK,Mother and Daughter
discrep,0.015267484012951913,2.2371201310873082e-05,UK,Mother and Daughter
auxverb,0.014511838548351082,0.008807286060752362,UK,Mother and Daughter
sexual,0.012644135649696615,2.142119798002999e-05,UK,Mother and Daughter
cause,0.010990850418678963,0.0025337787118070217,UK,Mother and Daughter
ingest,0.009396996404051257,0.0025002444079806375,UK,Mother and Daughter
relig,0.005891903672345404,0.02335493611805332,UK,Mother and Daughter
interrog,-0.0061601594914448355,0.03477618118330366,UK,Mother and Daughter
netspeak,-0.006853054338894041,0.01165159231717403,UK,Mother and Daughter
adj,-0.008775574621664216,0.005623259018923103,UK,Mother and Daughter
prep,-0.011195172319209195,0.02815956532057711,UK,Mother and Daughter
friend,-0.024120406994868775,0.0010935701251770283,UK,Mother and Daughter
article,-0.02869522827265003,5.104557595156444e-09,UK,Mother and Daughter
drives,-0.03152148354588274,0.0428203867447053,UK,Mother and Daughter
verb,-0.03233693977168646,0.000732716462876189,UK,Mother and Daughter
family,-0.04005434913979271,3.3190551563214145e-08,UK,Mother and Daughter
percept,-0.04353710910479891,0.01398582266119228,UK,Mother and Daughter
bio,-0.05557382874727919,6.942332333150617e-10,UK,Mother and Daughter
male,-0.05620402125751499,7.520162676748751e-09,UK,Mother and Daughter
const,0.12499999999999999,0.0,UK,Mother and Son
family,0.07875084968069765,8.5420463714817e-28,UK,Mother and Son
focuspresent,0.0623816910012056,1.6002567350307152e-20,UK,Mother and Son
relativ,0.045537812215301544,0.035892822991206844,UK,Mother and Son
friend,0.04251608290625138,6.7736235876092355e-09,UK,Mother and Son
female,0.03779030338019934,0.00034799747155558213,UK,Mother and Son
negate,0.037762398675165586,2.6571204878260894e-14,UK,Mother and Son
informal,0.03670685875792053,0.00011070857465470153,UK,Mother and Son
insight,0.035971609039457605,2.817735303364104e-06,UK,Mother and Son
hear,0.03296671635054969,0.019548195297185895,UK,Mother and Son
tentat,0.03078793589174342,1.8769840950042056e-14,UK,Mother and Son
see,0.02898527583827128,0.004105035405165083,UK,Mother and Son
auxverb,0.018164292238357423,0.0009569749317062165,UK,Mother and Son
focuspast,0.0181557862575675,2.149060609278488e-07,UK,Mother and Son
article,0.015602010587502525,0.0013649056837907953,UK,Mother and Son
discrep,0.014947038405327372,2.8939013645365777e-05,UK,Mother and Son
body,0.013954932380084526,0.000705227418674905,UK,Mother and Son
sad,0.011033681446661277,0.0100936525028731,UK,Mother and Son
quant,0.010839657431889966,0.00028338264479698685,UK,Mother and Son
risk,0.010464540190325892,0.004512951709896421,UK,Mother and Son
sexual,0.008920527157507121,0.002521826811079505,UK,Mother and Son
compare,0.008314506142084815,0.005325601812244771,UK,Mother and Son
interrog,0.0072962209486002495,0.011777157590936742,UK,Mother and Son
filler,0.004529457068044427,0.04613901552734493,UK,Mother and Son
home,-0.007539287777558775,0.005890115697584982,UK,Mother and Son
achiev,-0.008422297173371448,0.014891021811445547,UK,Mother and Son
netspeak,-0.010287567834807719,0.00013651463743875287,UK,Mother and Son
adj,-0.01062700479440404,0.0007304770103609284,UK,Mother and Son
time,-0.023250121009737036,0.04060215840031619,UK,Mother and Son
function,-0.030944224654856422,0.00954657620766375,UK,Mother and Son
nonflu,-0.03192066581135429,8.585658928266204e-07,UK,Mother and Son
male,-0.0342079620946853,0.00039352639460890577,UK,Mother and Son
bio,-0.03503926554364928,8.904842622008927e-05,UK,Mother and Son
social,-0.04591119462106079,4.184579212579883e-06,UK,Mother and Son
cogproc,-0.06160222032160949,1.8472374234817953e-06,UK,Mother and Son
verb,-0.08099474693514713,1.6798816277660816e-17,UK,Mother and Son
male,0.29354342187024113,1.3973515202686805e-246,UK,Son and Father
female,0.21019028294493947,1.5499930894376038e-108,UK,Son and Father
const,0.12500000000000047,0.0,UK,Son and Father
percept,0.05512941336505481,0.0004465429749516229,UK,Son and Father
verb,0.049445617633151154,5.733084501790628e-09,UK,Son and Father
cogproc,0.0372114211534084,0.001249881895052616,UK,Son and Father
they,0.0311516939813354,0.045649269211930917,UK,Son and Father
netspeak,0.028437978511563315,4.462927579433322e-32,UK,Son and Father
social,0.026460561912253655,0.0029678186923852903,UK,Son and Father
health,0.023358145226308018,1.7677377663803244e-10,UK,Son and Father
body,0.01876908078640529,3.365118188548384e-07,UK,Son and Father
assent,0.017951512145459182,0.0009970652962705872,UK,Son and Father
anger,0.01222297625189883,8.616104582094394e-07,UK,Son and Father
ingest,0.011835032814825095,1.741944537408029e-05,UK,Son and Father
leisure,0.010074496542959482,1.897868733716146e-05,UK,Son and Father
prep,0.010071026848300135,0.02588293741730243,UK,Son and Father
home,0.009563364163836855,9.159823040275624e-05,UK,Son and Father
swear,0.008553215788662458,0.0007516031613571537,UK,Son and Father
number,0.007269155849525116,0.0006126256582412686,UK,Son and Father
achiev,0.006939896510480397,0.024628290813809215,UK,Son and Father
adj,0.0062999697353439965,0.02490036960513534,UK,Son and Father
work,-0.005121139199966104,0.03568406734762802,UK,Son and Father
filler,-0.005492626724999428,0.006765874084471296,UK,Son and Father
conj,-0.006332953345882336,0.045701085659133424,UK,Son and Father
cause,-0.006929658202644108,0.031714938336868455,UK,Son and Father
discrep,-0.008537016240746435,0.007466495785058578,UK,Son and Father
sad,-0.009223297604183896,0.016016864198316494,UK,Son and Father
tentat,-0.009316279145070324,0.00939225462871595,UK,Son and Father
compare,-0.009614348944228409,0.00030781711240818947,UK,Son and Father
motion,-0.017305026698542936,0.02535722779988195,UK,Son and Father
certain,-0.017601033691378495,3.24160715218947e-06,UK,Son and Father
informal,-0.019120357529561455,0.024096169017542236,UK,Son and Father
negate,-0.019247492578554952,1.3685939834237087e-05,UK,Son and Father
feel,-0.019319436224374736,0.0016483851940964722,UK,Son and Father
auxverb,-0.024984636499786245,3.6369578385824524e-07,UK,Son and Father
focuspresent,-0.03945567956339383,4.64301210700991e-11,UK,Son and Father
shehe,-0.04064993262002544,0.043648202227884306,UK,Son and Father
hear,-0.043345012337954514,0.0005860722494034868,UK,Son and Father
see,-0.04541224052833728,4.784545051859985e-07,UK,Son and Father
bio,-0.057030802123549565,9.35005592883967e-13,UK,Son and Father
posemo,-0.0718040451032479,0.005146644293433158,UK,Son and Father
family,-0.22594674676348775,4.025932244690387e-262,UK,Son and Father
const,0.125,0.0,UK,Son and Mother
informal,0.08899629397497624,1.7029814756259457e-20,UK,Son and Mother
female,0.06451330813867005,1.4565913434672371e-09,UK,Son and Mother
friend,0.060419014104543506,3.361319591899993e-16,UK,Son and Mother
drives,0.05977351314089083,0.00012604125613049626,UK,Son and Mother
verb,0.057852761121819765,1.6408686640804623e-09,UK,Son and Mother
article,0.03199695383577471,7.77644869234718e-11,UK,Son and Mother
prep,0.027441953776632264,7.868917190934561e-08,UK,Son and Mother
adj,0.007254178798263184,0.022294521985578644,UK,Son and Mother
ingest,0.00700820911667938,0.024369518377721847,UK,Son and Mother
swear,-0.006371974707770102,0.026300113822851905,UK,Son and Mother
leisure,-0.006642618503324521,0.012576688756200152,UK,Son and Mother
sexual,-0.0070291483897699115,0.018323797817543622,UK,Son and Mother
focuspast,-0.007140924543380453,0.043170431766627416,UK,Son and Mother
relig,-0.0076426463927305715,0.003319534334248607,UK,Son and Mother
discrep,-0.008566683187449405,0.01752267522865256,UK,Son and Mother
focusfuture,-0.008924896465936158,0.004112447649232764,UK,Son and Mother
achiev,-0.010445340406944401,0.0027652355704294303,UK,Son and Mother
netspeak,-0.015788154835261244,6.63782306361736e-09,UK,Son and Mother
reward,-0.026888483728378754,6.0186721381021815e-05,UK,Son and Mother
affiliation,-0.03831157183683196,0.027596830115785554,UK,Son and Mother
nonflu,-0.04739985417050406,4.494903351283302e-13,UK,Son and Mother
function,-0.0501975556896235,3.0981712291005075e-05,UK,Son and Mother
focuspresent,-0.05318268109148318,4.212523170916783e-15,UK,Son and Mother
assent,-0.06946112682229716,2.289158292880084e-29,UK,Son and Mother
const,0.12500000000000006,0.0,Iran,Daughter and Father
function,0.078568955835726,2.2568168794564443e-14,Iran,Daughter and Father
social,0.06015721819316725,6.35673612509212e-11,Iran,Daughter and Father
posemo,0.05073584658891421,0.03400769763480421,Iran,Daughter and Father
cogproc,0.03498848840187767,0.00287721382792082,Iran,Daughter and Father
friend,0.03228038378765685,1.4299925004644885e-07,Iran,Daughter and Father
assent,0.026679830396542013,0.011913757310770169,Iran,Daughter and Father
focusfuture,0.011776638858064552,0.0001484478847088053,Iran,Daughter and Father
home,0.009605535424492611,0.0010277304290104102,Iran,Daughter and Father
relig,-0.005146333996515333,0.042731191582580375,Iran,Daughter and Father
money,-0.006475891083781509,0.005910922042185994,Iran,Daughter and Father
work,-0.006673652929634272,0.02021705327125702,Iran,Daughter and Father
anger,-0.007722560782572348,0.012230885643493129,Iran,Daughter and Father
focuspast,-0.008104190361206971,0.0063957107494051445,Iran,Daughter and Father
quant,-0.008772451376088362,0.0013108370573924018,Iran,Daughter and Father
anx,-0.011527732256324695,0.001007959924917187,Iran,Daughter and Father
discrep,-0.013958208661978248,0.0004468250214708395,Iran,Daughter and Father
tentat,-0.01403992528991465,3.2698588374246823e-06,Iran,Daughter and Father
article,-0.01691573348504285,0.00022116550874300362,Iran,Daughter and Father
reward,-0.01715125263804304,0.0042441380060262565,Iran,Daughter and Father
prep,-0.018217222542289052,7.714356860538763e-05,Iran,Daughter and Father
conj,-0.018235840267007603,1.231275095287981e-07,Iran,Daughter and Father
auxverb,-0.019990157441993978,0.00040992322920194163,Iran,Daughter and Father
focuspresent,-0.020512075456593067,0.004349931687691878,Iran,Daughter and Father
adverb,-0.021128486237982913,1.8941373070865089e-13,Iran,Daughter and Father
insight,-0.024003226702317092,0.0002995323176559216,Iran,Daughter and Father
negate,-0.031335681259385254,5.730862813551623e-13,Iran,Daughter and Father
male,-0.056713165490193784,1.6480024366631567e-13,Iran,Daughter and Father
female,-0.07262689233260546,5.0999594605066577e-14,Iran,Daughter and Father
family,-0.08488268364332784,7.287395676369189e-19,Iran,Daughter and Father
const,0.12500000000000014,0.0,Iran,Daughter and Mother
female,0.11882586488302413,4.308865773968555e-34,Iran,Daughter and Mother
posemo,0.10664799813575547,1.0416731959565e-05,Iran,Daughter and Mother
percept,0.05962431275757189,0.02019021367775997,Iran,Daughter and Mother
friend,0.04856101047854022,4.9656347733738564e-15,Iran,Daughter and Mother
cogproc,0.035861746140028884,0.0025051165441472563,Iran,Daughter and Mother
negemo,0.03366314214682616,0.0011629630169099567,Iran,Daughter and Mother
verb,0.03279131270470403,0.0007272946757609889,Iran,Daughter and Mother
conj,0.013167074102319976,0.00015734068856208765,Iran,Daughter and Mother
interrog,0.011617791329932571,9.291217443298565e-05,Iran,Daughter and Mother
netspeak,0.007123354354217258,0.006877768388055885,Iran,Daughter and Mother
relig,0.006043615754793234,0.018548495271733877,Iran,Daughter and Mother
focuspast,0.00592688987292181,0.04846650254690334,Iran,Daughter and Mother
tentat,-0.009729525622710712,0.0014175488522746656,Iran,Daughter and Mother
discrep,-0.014389815031804181,0.0003421178751538998,Iran,Daughter and Mother
negate,-0.017646900761584584,5.876207101376296e-05,Iran,Daughter and Mother
feel,-0.023598201013782082,0.03111903885500885,Iran,Daughter and Mother
family,-0.026612545640596733,0.005878767805347285,Iran,Daughter and Mother
insight,-0.02880449000632298,1.763867581645224e-05,Iran,Daughter and Mother
focuspresent,-0.029744373562634614,4.295448056133859e-05,Iran,Daughter and Mother
male,-0.038998098816575975,5.17690082921175e-07,Iran,Daughter and Mother
see,-0.04048326643768372,0.003027222964747719,Iran,Daughter and Mother
hear,-0.0545865809962729,0.003501675350357019,Iran,Daughter and Mother
affect,-0.09489370780756147,7.180261023798987e-05,Iran,Daughter and Mother
const,0.125,0.0,Iran,Father and Daughter
relativ,0.049114445250212635,0.025224935470655453,Iran,Father and Daughter
social,0.029719803059320586,0.0014978167481091175,Iran,Father and Daughter
negate,0.02846501324795396,1.2255772959822365e-10,Iran,Father and Daughter
drives,0.02840565864310617,0.04667098872727477,Iran,Father and Daughter
informal,0.025095079147437666,0.04161420533522822,Iran,Father and Daughter
anx,0.013686865879405447,0.00012425261006344672,Iran,Father and Daughter
discrep,0.012622871585497398,0.0018022959105861895,Iran,Father and Daughter
sad,0.009178946099772687,0.035177069504587384,Iran,Father and Daughter
adverb,0.007870336606093523,0.007032881851231503,Iran,Father and Daughter
filler,0.006208217858801808,0.0056490039621526,Iran,Father and Daughter
tentat,0.006136874818312152,0.045524258280270374,Iran,Father and Daughter
swear,-0.0055718653916813675,0.017798875114797996,Iran,Father and Daughter
netspeak,-0.007985486555864478,0.002612895371547922,Iran,Father and Daughter
achiev,-0.008091936207485507,0.019924219681869363,Iran,Father and Daughter
certain,-0.008724530286354958,0.008712185933345223,Iran,Father and Daughter
focusfuture,-0.009448140732299213,0.002771310517539423,Iran,Father and Daughter
prep,-0.009777724528539481,0.03697940547378084,Iran,Father and Daughter
interrog,-0.011734323608521896,8.788603760102827e-05,Iran,Father and Daughter
friend,-0.013999142202371395,0.024857431221486048,Iran,Father and Daughter
nonflu,-0.016986694176581503,0.0012123646831125004,Iran,Father and Daughter
motion,-0.017363940175837315,0.046759818471051054,Iran,Father and Daughter
verb,-0.02190466936486378,0.024916781400794747,Iran,Father and Daughter
time,-0.023697644984514953,0.025278726209931837,Iran,Father and Daughter
space,-0.026275108998301155,0.03535672334122378,Iran,Father and Daughter
male,-0.029224693442651408,0.00018573010915916906,Iran,Father and Daughter
function,-0.030593676901104226,0.0034505329317656135,Iran,Father and Daughter
differ,-0.033469714546480206,4.912431264082141e-06,Iran,Father and Daughter
female,-0.05378115787556875,4.1869242307308086e-08,Iran,Father and Daughter
family,-0.09578893368066732,7.768577999299484e-23,Iran,Father and Daughter
const,0.12500000000000003,0.0,Iran,Father and Son
male,0.08182579009371302,1.6950114078522658e-27,Iran,Father and Son
insight,0.06093364116689695,7.178228299568732e-21,Iran,Father and Son
assent,0.05930082171034928,1.1271896677580833e-08,Iran,Father and Son
family,0.043659567825857525,3.0604050698118646e-06,Iran,Father and Son
drives,0.037917401615000616,0.005767804819280497,Iran,Father and Son
hear,0.0371797982788658,0.0399395670696812,Iran,Father and Son
focuspresent,0.030278344129812496,1.697072040104054e-05,Iran,Father and Son
negate,0.026541148663101942,4.385192287745166e-10,Iran,Father and Son
auxverb,0.025107081384673994,5.750227844818927e-06,Iran,Father and Son
discrep,0.021348741525338884,4.0986296527105125e-08,Iran,Father and Son
prep,0.018227791100865046,5.2886707824023286e-05,Iran,Father and Son
differ,0.016474004447467543,0.019364437368413367,Iran,Father and Son
tentat,0.015701557013526185,1.0495253365103034e-07,Iran,Father and Son
sad,0.01171244067972843,0.005201525104744061,Iran,Father and Son
anger,0.010783021698446861,0.0003501636513263676,Iran,Father and Son
adverb,0.00990134181800768,0.0004231256658911286,Iran,Father and Son
body,0.009832199961506648,0.03298550322513135,Iran,Father and Son
anx,0.009528853311976426,0.005467621834781016,Iran,Father and Son
focuspast,0.008714241608127574,0.002730473637020709,Iran,Father and Son
cause,0.008186752552067663,0.02397572170433847,Iran,Father and Son
quant,0.006117848605703314,0.021982401497201286,Iran,Father and Son
home,-0.007508349533860456,0.008722305548498696,Iran,Father and Son
power,-0.013366758645686894,0.018062533970370796,Iran,Father and Son
verb,-0.028463282393135288,0.0024476497137631737,Iran,Father and Son
friend,-0.029308390602197004,1.0478066677819364e-06,Iran,Father and Son
informal,-0.049505241687913426,2.941626196077029e-05,Iran,Father and Son
social,-0.05374064133378551,2.413046002844448e-09,Iran,Father and Son
function,-0.05733054184979181,1.226673024890253e-08,Iran,Father and Son
cogproc,-0.0616229235935,8.157270103838469e-08,Iran,Father and Son
female,-0.09839409208356731,2.056088937298944e-25,Iran,Father and Son
female,0.15131614754121508,6.154318369328368e-53,Iran,Mother and Daughter
const,0.12499999999999985,0.0,Iran,Mother and Daughter
affiliation,0.07012842907103595,2.6878022749720655e-05,Iran,Mother and Daughter
informal,0.06824677796967145,3.504919528930651e-08,Iran,Mother and Daughter
hear,0.06374207443512439,0.0007455977167338533,Iran,Mother and Daughter
feel,0.042980089268898625,0.00010338131464042754,Iran,Mother and Daughter
see,0.039345457304063386,0.004369442192764533,Iran,Mother and Daughter
auxverb,0.0323252148183579,2.2632047771980182e-08,Iran,Mother and Daughter
focuspresent,0.032041056283470856,1.3089941692290401e-05,Iran,Mother and Daughter
negate,0.029792741881065062,1.9972040101006567e-11,Iran,Mother and Daughter
conj,0.024626625873888332,2.7939716181797567e-12,Iran,Mother and Daughter
adverb,0.017423223499376327,2.883834422728293e-09,Iran,Mother and Daughter
anx,0.015584958201634467,1.3601142757663915e-05,Iran,Mother and Daughter
sad,0.01307313825027779,0.0028221380108885267,Iran,Mother and Daughter
tentat,0.011225951391553598,0.00027107976439299706,Iran,Mother and Daughter
risk,0.008016631847098724,0.020081515092214144,Iran,Mother and Daughter
focuspast,0.007896681357935179,0.009315756063059892,Iran,Mother and Daughter
cause,0.00787694749219505,0.03753346302108131,Iran,Mother and Daughter
home,-0.007991247466045164,0.0075190532081163275,Iran,Mother and Daughter
adj,-0.010111117865531745,0.001244468964840632,Iran,Mother and Daughter
netspeak,-0.012448303535573347,3.0041259026827068e-06,Iran,Mother and Daughter
differ,-0.014882262446032898,0.043086811164134736,Iran,Mother and Daughter
bio,-0.017219894479603787,0.02154589383294286,Iran,Mother and Daughter
nonflu,-0.02019389104268116,0.00012830269894244055,Iran,Mother and Daughter
verb,-0.02292268043414547,0.019463653754646936,Iran,Mother and Daughter
cogproc,-0.024466830262617152,0.04136202401836453,Iran,Mother and Daughter
social,-0.05403724991996788,9.154461834237062e-09,Iran,Mother and Daughter
family,-0.05475602299412307,2.0991016229881444e-08,Iran,Mother and Daughter
function,-0.06623595724188777,2.9612856251848795e-10,Iran,Mother and Daughter
assent,-0.06730710072926305,5.444239984640284e-10,Iran,Mother and Daughter
percept,-0.07088463451877274,0.006309950295435474,Iran,Mother and Daughter
affect,0.1655480476931547,5.705788381821253e-12,Iran,Mother and Son
const,0.1250000000000002,0.0,Iran,Mother and Son
family,0.09374253914620688,5.417498224200803e-22,Iran,Mother and Son
informal,0.07245270797536572,3.930354770927592e-09,Iran,Mother and Son
female,0.050564414825574104,2.44773470626287e-07,Iran,Mother and Son
auxverb,0.029341200356812508,3.327429343469069e-07,Iran,Mother and Son
bio,0.029013798741652642,9.861194881326002e-05,Iran,Mother and Son
negate,0.025315906234978362,9.921165207926026e-09,Iran,Mother and Son
male,0.023759231307585633,0.0023443289941387996,Iran,Mother and Son
prep,0.021460421835564333,4.580059984969e-06,Iran,Mother and Son
power,0.02103128214652489,0.00034076991242111966,Iran,Mother and Son
insight,0.015995132061409043,0.017706614427730936,Iran,Mother and Son
focuspresent,0.01442654555261242,0.048369675175301545,Iran,Mother and Son
reward,0.012344980067218155,0.042783438314184845,Iran,Mother and Son
discrep,0.011716060433362605,0.0037251197607391334,Iran,Mother and Son
article,0.010476308322254565,0.02434025193592807,Iran,Mother and Son
conj,0.008709673201483591,0.012884274679251146,Iran,Mother and Son
adverb,0.008514489053018059,0.0035054555810159357,Iran,Mother and Son
tentat,0.007003155482098198,0.022316718846540372,Iran,Mother and Son
anger,0.006622878754557706,0.034443178664775045,Iran,Mother and Son
money,0.0052971913004903545,0.026673486702920315,Iran,Mother and Son
ingest,-0.0076181789959015676,0.007598619723485828,Iran,Mother and Son
interrog,-0.008473389191413631,0.004570422995946397,Iran,Mother and Son
focuspast,-0.00965671555479326,0.0013846799963697551,Iran,Mother and Son
sexual,-0.011078467725837822,0.00013350925089238366,Iran,Mother and Son
health,-0.012279421981817897,0.012199154586179702,Iran,Mother and Son
body,-0.015171753995635449,0.0015331168470755403,Iran,Mother and Son
netspeak,-0.017321625493420867,6.392943000730212e-11,Iran,Mother and Son
social,-0.022832313280509886,0.014584716991633825,Iran,Mother and Son
function,-0.054083593585776905,2.27741558353854e-07,Iran,Mother and Son
assent,-0.05505646968791415,3.288039269492752e-07,Iran,Mother and Son
negemo,-0.06863921549714794,4.5668780005077256e-11,Iran,Mother and Son
posemo,-0.172140604421234,1.4943573378788782e-12,Iran,Mother and Son
const,0.12499999999999971,0.0,Iran,Son and Father
function,0.10662542183995659,1.6218811555402463e-26,Iran,Son and Father
male,0.06934376593659793,1.743078136751911e-20,Iran,Son and Father
assent,0.06898997950481633,2.2401275020751497e-11,Iran,Son and Father
posemo,0.04664740069740999,0.04483049548476221,Iran,Son and Father
affiliation,0.03609122485067805,0.02303260547141925,Iran,Son and Father
negemo,0.033441276210186,0.0007900561482099861,Iran,Son and Father
differ,0.025277183993271488,0.00030253100390927853,Iran,Son and Father
family,0.025249494898764206,0.006555862893661356,Iran,Son and Father
verb,0.02506310398780207,0.007213393850221171,Iran,Son and Father
netspeak,0.019691029985298317,8.095376496171009e-15,Iran,Son and Father
nonflu,0.017846165329979184,0.0003713071044739527,Iran,Son and Father
adj,0.01501367111099099,4.6340994807062033e-07,Iran,Son and Father
work,0.011873671662215837,2.1182652947139656e-05,Iran,Son and Father
ingest,0.0068588599620884,0.011959089908405485,Iran,Son and Father
risk,0.006681877111675019,0.041545517209038055,Iran,Son and Father
sad,-0.00901720658229655,0.0302623980758488,Iran,Son and Father
compare,-0.010916301172826815,0.00010411701017935582,Iran,Son and Father
anger,-0.01179398784232975,8.221691460710407e-05,Iran,Son and Father
article,-0.013594906468700927,0.0022465205988438735,Iran,Son and Father
insight,-0.01740841119608307,0.0069482568733449535,Iran,Son and Father
discrep,-0.01782649536651397,3.941514561185596e-06,Iran,Son and Father
focuspresent,-0.018064257510221508,0.009740613611135691,Iran,Son and Father
anx,-0.02092637773053979,8.160396174230428e-10,Iran,Son and Father
prep,-0.021306415788945477,1.9514299799041315e-06,Iran,Son and Father
adverb,-0.025002274701480306,3.353985163756211e-19,Iran,Son and Father
conj,-0.025572412608261264,2.3378191326876656e-14,Iran,Son and Father
drives,-0.035525208587729985,0.00918948104431379,Iran,Son and Father
negate,-0.041311968760774406,1.4640266768815635e-22,Iran,Son and Father
auxverb,-0.041991754433565384,2.253291637189283e-14,Iran,Son and Father
friend,-0.04441525319969783,9.453497916571948e-14,Iran,Son and Father
affect,-0.057328650323089196,0.012579866623919442,Iran,Son and Father
informal,-0.07627447432419296,9.136589019035574e-11,Iran,Son and Father
female,-0.09468871632328835,5.6600496005668646e-24,Iran,Son and Father
const,0.12500000000000006,0.0,Iran,Son and Mother
family,0.09938858408788635,1.6743564047980376e-23,Iran,Son and Mother
social,0.05993114204804609,3.735670333586041e-10,Iran,Son and Mother
function,0.03217820382340523,0.0026054634963861957,Iran,Son and Mother
verb,0.026711048596241127,0.007432060893026669,Iran,Son and Mother
nonflu,0.021824913001917464,4.7152767313055466e-05,Iran,Son and Mother
friend,0.014313610382051482,0.024738153328586313,Iran,Son and Mother
interrog,0.010188230464987447,0.0008584554199167002,Iran,Son and Mother
home,0.007315036213016803,0.01614327309379238,Iran,Son and Mother
number,0.005361297681228016,0.026977996602371445,Iran,Son and Mother
netspeak,0.005343447580280221,0.0486534275536475,Iran,Son and Mother
leisure,-0.007923230045659866,0.022917441765608247,Iran,Son and Mother
tentat,-0.012276044782548148,9.039076282435938e-05,Iran,Son and Mother
insight,-0.017040134403853272,0.013510618806588385,Iran,Son and Mother
sad,-0.017520789411688525,8.324765041732225e-05,Iran,Son and Mother
negate,-0.019820259245355083,1.1438774043392126e-05,Iran,Son and Mother
focuspresent,-0.021378804103380354,0.0042400822627528915,Iran,Son and Mother
auxverb,-0.025111351141171818,1.948570748618536e-05,Iran,Son and Mother
male,-0.037477434376086166,2.716050568865858e-06,Iran,Son and Mother
affiliation,-0.07428111319160145,1.2301781429264567e-05,Iran,Son and Mother
